Date,Basic_Metals,Iron_Ore,Steel_Long,USD_INR,Global_Iron_Ore,Steel_Scrap_Price,BDI_Index,Crude_Oil,Coal_Price,Scrap_Lag1,Scrap_Lag2,BDI_Lag1,BDI_Lag2,BDI_Lag3
2005-01-01,64.3864828707884,17.32096311692831,61.36768814705562,,,,4501.9,42.97227777778,53.045,,,,,
2005-02-01,64.57641349872583,16.320045561689554,61.36768814705562,43.635,,,4532.25,44.81821052632,49.8975,,,4501.9,,
2005-03-01,65.7159972663504,15.828069136233216,62.448528055712174,43.675,,,4677.9047619047615,50.94287878788,50.925,,,4532.25,4501.9,
2005-04-01,67.8685443829746,15.9298573621897,65.2106744889456,43.43,,,4532.476190476191,50.64047619048,51.25,,,4677.9047619047615,4532.25,4501.9
2005-05-01,67.17213208053735,16.5405867179286,63.52936796436873,43.7,,,3667.4,47.82657287157,51.3125,,,4532.476190476191,4677.9047619047615,4532.25
2005-06-01,66.03254831291278,18.016515994297617,62.26838807093608,43.485,,,2746.090909090909,53.8903030303,51.0,,,3667.4,4532.476190476191,4677.9047619047615
2005-07-01,64.44979308010087,17.88079835968897,60.587081546359215,43.44,,,2220.095238095238,56.36580952381,50.9,,,2746.090909090909,3667.4,4532.476190476191
2005-08-01,64.1332420335385,20.64604516484012,60.88731485431937,44.015,,,2206.590909090909,61.89052042161,49.125,,,2220.095238095238,2746.090909090909,3667.4
2005-09-01,64.25986245216345,22.97020965751316,61.84806143979186,43.955,,,2803.5454545454545,61.6876984127,45.25,,,2206.590909090909,2220.095238095238,2746.090909090909
2005-10-01,63.8800011962886,23.156821405100043,59.50624163770266,45.07,,,3161.428571428572,58.18507936508,42.45833333333,,,2803.5454545454545,2206.590909090909,2220.095238095238
2005-11-01,63.75338077766365,23.173786109426125,59.32610165292656,45.89,,,2915.5,55.04282539683,38.0625,,,3161.428571428572,2803.5454545454545,2206.590909090909
2005-12-01,63.12027868453888,24.00505662140408,57.10437517402142,44.995,,,2600.0,56.42964285714,38.225,,,2915.5,3161.428571428572,2803.5454545454545
2006-01-01,63.3102093124763,23.69969194353462,57.945028436309855,43.925,,,2261.7619047619046,62.45703968254,43.1875,,,2600.0,2915.5,3161.428571428572
2006-02-01,63.81669098697611,22.69877438829587,58.545495052230166,44.275,,,2443.7,59.70492105263,47.7,,,2261.7619047619046,2600.0,2915.5
2006-03-01,64.89296454528821,22.46126852773073,60.52703488476718,44.5,,,2598.826086956521,60.92927536232,49.75,,,2443.7,2261.7619047619046,2600.0
2006-04-01,68.05847501091203,26.973879878468185,63.28918131800061,44.9,,,2465.4444444444443,67.97057504873,52.875,,,2598.826086956521,2443.7,2261.7619047619046
2006-05-01,68.88150773197422,28.60249149377192,62.628668040488265,46.305,,,2441.8571428571427,68.6759486166,52.6,,,2465.4444444444443,2598.826086956521,2443.7
2006-06-01,68.75488731334927,28.83999735433705,61.36768814705562,45.88,,,2718.454545454545,68.29015151515,52.375,,,2441.8571428571427,2465.4444444444443,2598.826086956521
2006-07-01,69.70454045303642,29.11143262355434,62.02820142456795,46.5,,,3049.809523809524,72.4501336675,52.75,,,2718.454545454545,2441.8571428571427,2465.4444444444443
2006-08-01,70.2743323368487,30.06145606581485,61.66792145501577,46.48,,,3686.727272727273,71.81188405797,50.9375,,,3049.809523809524,2718.454545454545,2441.8571428571427
2006-09-01,70.21102212753622,29.90877372688013,61.60787479342374,45.91,,,4039.142857142857,62.12125396825,47.1,,,3686.727272727273,3049.809523809524,2718.454545454545
2006-10-01,70.78081401134851,30.248067813401743,62.08824808615999,44.92,,,4027.636363636364,57.91046897547,44.05,,,4039.142857142857,3686.727272727273,3049.809523809524
2006-11-01,71.47722631378575,30.1971737004235,62.92890134844842,44.6,,,4190.090909090909,58.14304545455,46.0,,,4027.636363636364,4039.142857142857,3686.727272727273
2006-12-01,71.6038467324107,29.38286789277163,63.28918131800061,44.115,,,4335.8125,60.9944122807,49.75,,,4190.090909090909,4027.636363636364,4039.142857142857
2007-01-01,72.42687945347289,29.196256145184744,64.8503945193934,44.08,,,4461.681818181818,53.51696969697,51.2875,,,4335.8125,4190.090909090909,4027.636363636364
2007-02-01,72.87005091866023,29.247150258162986,65.33076781212965,44.09,,,4397.75,57.5625,52.9,,,4461.681818181818,4335.8125,4190.090909090909
2007-03-01,73.69308363972243,29.31500907546731,66.41160772078621,43.12,,,5123.136363636364,60.59984848485,55.38,,,4397.75,4461.681818181818,4335.8125
2007-04-01,75.71901033772166,32.826702870965995,68.93356750765152,41.045,,,5753.684210526316,65.05764035088,56.12,,,5123.136363636364,4397.75,4461.681818181818
2007-05-01,76.03556138428404,34.455314486269735,70.19454740108417,40.375,,,6402.238095238095,65.15725955204,56.0,,,5753.684210526316,5123.136363636364,4397.75
2007-06-01,76.09887159359653,35.06604384200863,70.67492069382041,40.525,,,5772.142857142857,68.1880952381,61.6,,,6402.238095238095,5753.684210526316,5123.136363636364
2007-07-01,75.59238991909672,34.59103212087838,69.53403412357183,40.19,,,6572.136363636364,73.6016955267,67.31,,,5772.142857142857,6402.238095238095,5753.684210526316
2007-08-01,75.71901033772166,33.98030276513948,69.89431409312401,40.64,,,7195.090909090909,70.1268115942,69.35,,,6572.136363636364,5772.142857142857,6402.238095238095
2007-09-01,75.71901033772166,34.03119687811772,69.05366083083558,39.66,,,8574.05,76.76243859649,68.44,,,7195.090909090909,6572.136363636364,5772.142857142857
2007-10-01,76.73197368672129,34.03119687811772,70.49478070904432,39.195,,,10425.91304347826,81.96724637681,74.81,,,8574.05,7195.090909090909,6572.136363636364
2007-11-01,77.2384553612211,34.1329851040742,70.79501401700448,39.52,,,10542.681818181818,91.33826118326,84.6,,,10425.91304347826,8574.05,7195.090909090909
2007-12-01,77.491696198471,34.37049096463933,71.33543397133275,39.405,,,9854.125,89.51994152047,91.0,,,10542.681818181818,10425.91304347826,8574.05
2008-01-01,80.02410457097005,36.38929077944292,75.53870028277491,39.28,,,7169.818181818182,90.68993506494,91.75,,,9854.125,10542.681818181818,10425.91304347826
2008-02-01,82.3032721062192,46.1270310626132,80.10224656376927,39.92,,,6874.238095238095,93.38759064327,132.0,,,7169.818181818182,9854.125,10542.681818181818
2008-03-01,87.43139906052977,46.16096047126536,88.62887250983766,40.03,,,8062.578947368421,101.84283333333,118.25,,,6874.238095238095,7169.818181818182,9854.125
2008-04-01,89.7738768050914,46.2118545842436,92.5919521749117,40.46,,,8286.863636363636,108.75818181818,123.0,,,8062.578947368421,6874.238095238095,7169.818181818182
2008-05-01,88.00119094434207,46.16096047126536,86.1669593845644,42.16,,,10843.65,122.63260894661,133.2,,,8286.863636363636,8062.578947368421,6874.238095238095
2008-06-01,90.21704827027874,51.28430117774171,89.58961909531016,42.93,,,10245.09523809524,131.52111111111,159.75,,,10843.65,8286.863636363636,8062.578947368421
2008-07-01,90.97677078202844,62.59975896323748,90.2501323728225,42.483,,,8935.739130434782,132.82518445323,180.0,,,10245.09523809524,10843.65,8286.863636363636
2008-08-01,90.5969095261536,58.76573578554326,90.31017903441452,43.87,,,7402.5,114.56682539683,158.4,,,8935.739130434782,10245.09523809524,10843.65
2008-09-01,90.15373806096626,45.4314781852439,89.58961909531016,46.815,,,4975.090909090909,99.65676767677,150.0,,,7402.5,8935.739130434782,10245.09523809524
2008-10-01,89.96380743302883,56.59425363180495,88.80901249461375,49.325,,,1807.5217391304348,72.69275362319,108.0,,,4975.090909090909,7402.5,8935.739130434782
2008-11-01,86.41843571153017,56.59425363180495,84.84593282953972,49.575,,,818.95,53.97272807018,92.25,,,1807.5217391304348,4975.090909090909,7402.5
2008-12-01,85.08892131596816,57.57820648271761,83.6449995976991,48.62,,,743.0,41.33892496393,78.65,,,818.95,1807.5217391304348,4975.090909090909
2009-01-01,82.74644357140653,47.33152506976492,83.16462630496285,48.85,,,904.5238095238096,43.85521428571,79.4,,,743.0,818.95,1807.5217391304348
2009-02-01,81.86010064103188,47.51813681735182,80.58261985650552,51.005,,,1815.85,41.8436754386,75.38,,,904.5238095238096,743.0,818.95
2009-03-01,82.3032721062192,51.67448937724157,81.12303981083379,50.57,,,1957.8181818181815,46.6453030303,61.0,,,1815.85,904.5238095238096,743.0
2009-04-01,80.84713729203224,51.67448937724157,78.48098670078443,49.725,,,1659.15,50.2780952381,63.56,,,1957.8181818181815,1815.85,904.5238095238096
2009-05-01,81.03706791996967,48.02707794713423,78.90131333192865,47.12,,,2537.6315789473683,58.15388888889,64.5,,,1659.15,1957.8181818181815,1815.85
2009-06-01,80.91044750134472,42.598372562788434,78.30084671600835,47.75,,,3822.5454545454554,69.1496969697,71.38,,,2537.6315789473683,1659.15,1957.8181818181815
2009-07-01,80.53058624546986,42.717125493071,77.34010013053586,47.825,,,3361.8695652173915,64.66667325428,73.8,,,3822.5454545454554,2537.6315789473683,1659.15
2009-08-01,80.9737577106572,44.3796665170269,76.43940020665538,48.69,,,2684.65,71.62968253968,72.5,,,3361.8695652173915,3822.5454545454554,2537.6315789473683
2009-09-01,82.05003126896929,44.3796665170269,76.49944686824742,47.735,,,2351.409090909091,68.34611111111,67.64,,,2684.65,3361.8695652173915,3822.5454545454554
2009-10-01,82.17665168759426,44.36270181270081,76.25926022187929,46.925,,,2745.681818181818,74.08060606061,71.07,,,2351.409090909091,2684.65,3361.8695652173915
2009-11-01,82.17665168759426,44.31180769972257,75.41860695959085,46.535,,,3940.571428571429,77.5523015873,78.8,,,2745.681818181818,2351.409090909091,2684.65
2009-12-01,81.86010064103188,44.31180769972257,75.41860695959085,46.41,,,3572.3888888888887,74.88181818182,83.1,,,3940.571428571429,2745.681818181818,2351.409090909091
2010-01-01,83.75940692040616,68.7070525206265,77.94056674645616,46.125,,,3168.35,77.1210877193,97.0,,,3572.3888888888887,3940.571428571429,2745.681818181818
2010-02-01,83.50616608315624,72.18481690747304,76.37935354506335,46.105,,,2677.85,74.76301559454,94.19,,,3168.35,3572.3888888888887,3940.571428571429
2010-03-01,84.07595796696855,73.40627561895083,77.58028677690396,44.825,,,3206.826086956521,79.29768115942,94.375,,,2677.85,3168.35,3572.3888888888887
2010-04-01,87.9378807350296,81.32879253923048,85.86672607660424,44.275,,,3040.619047619048,84.18285714286,100.15,,,3206.826086956521,2677.85,3168.35
2010-05-01,87.81126031640463,85.96015682025049,84.48565285998752,46.365,,,3838.052631578948,75.61831746032,100.13,,,3040.619047619048,3206.826086956521,2677.85
2010-06-01,87.55801947915474,92.52549739444368,83.46485961292301,46.445,,,3088.0,74.725,98.1875,,,3838.052631578948,3040.619047619048,3206.826086956521
2010-07-01,86.86160717671748,92.6781797333784,80.46252653332145,46.405,,,1909.7272727272727,74.5794011544,95.98,,,3088.0,3838.052631578948,3040.619047619048
2010-08-01,87.05153780465493,91.72815629111793,80.7627598412816,47.065,,,2432.333333333333,75.82626984127,89.78,,,1909.7272727272727,3088.0,3838.052631578948
2010-09-01,87.9378807350296,88.74236832972771,80.94289982605771,44.57,,,2719.454545454545,76.11624098124,94.9,,,2432.333333333333,1909.7272727272727,3088.0
2010-10-01,88.50767261884188,90.57455639694442,81.36322645720192,44.325,,,2693.333333333333,81.71936507937,97.45,,,2719.454545454545,2432.333333333333,1909.7272727272727
2010-11-01,88.57098282815436,95.95236766831198,81.24313313401787,45.8,160.5,,2321.318181818182,84.53406349206,107.16,,,2693.333333333333,2719.454545454545,2432.333333333333
2010-12-01,89.39401554921653,93.88267374053014,81.48331978038597,44.713,168.3,,2030.9444444444443,90.00596179183,118.29,,,2321.318181818182,2693.333333333333,2719.454545454545
2011-01-01,90.8501503634035,95.17199126931229,85.2062127990919,45.825,179.6,,1401.8,92.6905952381,132.48,,,2030.9444444444443,2321.318181818182,2693.333333333333
2011-02-01,92.81276685209026,99.328343829202,88.8690591562058,45.265,187.2,,1181.1,97.9141920078,128.36,,,1401.8,2030.9444444444443,2321.318181818182
2011-03-01,93.88904041040236,102.89093173767895,90.79055232715076,44.535,174.0,,1492.695652173913,108.6452173913,126.13,,,1181.1,1401.8,2030.9444444444443
2011-04-01,94.52214250352714,104.34989630972188,92.05153222058344,44.255,179.1,,1342.5555555555557,116.24316666667,122.5,,,1492.695652173913,1181.1,1401.8
2011-05-01,95.1552445966519,101.99180240839668,92.47185885172765,45.06,168.6,,1352.4,108.06851298701,119.12,,,1342.5555555555557,1492.695652173913,1181.1
2011-06-01,95.9149671084016,96.5461323197248,92.89218548287184,44.7,164.0,,1433.2272727272727,105.84545454546,120.09,,,1352.4,1342.5555555555557,1492.695652173913
2011-07-01,96.10489773633904,97.34347342305058,93.13237212923998,44.21,173.1,,1365.5238095238096,107.91661111111,120.75,,,1433.2272727272727,1352.4,1342.5555555555557
2011-08-01,97.56103255052598,97.25864990142016,93.61274542197624,45.8,177.4,,1386.9545454545455,100.48642512077,120.13,,,1365.5238095238096,1433.2272727272727,1352.4
2011-09-01,98.51068569021312,96.13897941589887,93.7328387451603,49.02,177.5,,1840.409090909091,100.81935064935,123.09,,,1386.9545454545455,1365.5238095238096,1433.2272727272727
2011-10-01,99.20709799265036,99.03994385565863,94.3333053610806,48.695,150.4,,2072.4761904761904,99.84775396825,119.39,,,1840.409090909091,1386.9545454545455,1365.5238095238096
2011-11-01,100.91647364408723,103.56951991072218,95.95456522406543,52.13,135.5,,1835.3181818181815,105.40501443001,113.78,,,2072.4761904761904,1840.409090909091,1386.9545454545455
2011-12-01,101.48626552789952,105.94457851637344,96.79521848635386,53.015,136.3,,1868.8235294117649,104.23047619048,111.56,,,1835.3181818181815,2072.4761904761904,1840.409090909091
2012-01-01,102.0560574117118,109.69377817243728,98.2363383645626,49.515,140.4,,1039.3809523809523,107.07457226399,116.46,,,1868.8235294117649,1835.3181818181815,2072.4761904761904
2012-02-01,102.5625390862116,109.60895465080688,98.65666499570683,49.11,140.4,,702.6190476190476,112.68752380952,117.02,,,1039.3809523809523,1868.8235294117649,1835.3181818181815
2012-03-01,103.38557180727382,105.16420211737376,100.03773821232352,50.875,144.6,,858.9545454545455,117.785,107.46,,,702.6190476190476,1039.3809523809523,1868.8235294117649
2012-04-01,105.9,100.7,104.7,52.665,147.6,,1020.5263157894736,113.6655,103.59,,,858.9545454545455,702.6190476190476,1039.3809523809523
2012-05-01,106.5,104.2,104.7,56.04,136.3,,1103.695652173913,104.0860342556,95.83,,,1020.5263157894736,858.9545454545455,702.6190476190476
2012-06-01,106.5,106.1,104.2,55.51,134.6,,937.421052631579,90.72825396825,87.19,,,1103.695652173913,1020.5263157894736,858.9545454545455
2012-07-01,105.9,110.8,102.1,55.56,127.9,,1056.4545454545455,96.75411255411,88.24,,,937.421052631579,1103.695652173913,1020.5263157894736
2012-08-01,105.2,108.6,101.8,55.525,107.8,,758.9130434782609,105.27363699103,91.0,,,1056.4545454545455,937.421052631579,1103.695652173913
2012-09-01,105.4,106.7,101.4,52.855,99.2,,707.05,106.28496491228,88.96,,,758.9130434782609,1056.4545454545455,937.421052631579
2012-10-01,105.0,105.6,101.6,53.805,113.95,,952.4347826086956,103.40786561265,81.85,,,707.05,758.9130434782609,1056.4545454545455
2012-11-01,104.2,107.7,101.3,54.265,120.35,,1024.6363636363635,101.17441558442,85.89,,,952.4347826086956,707.05,758.9130434782609
2012-12-01,103.6,105.2,99.9,54.995,128.55,,855.6875,101.19366666667,92.88,,,1024.6363636363635,952.4347826086956,707.05
2013-01-01,103.6,98.8,100.1,53.275,150.86,,770.5909090909091,105.10021645022,92.77,,,855.6875,1024.6363636363635,952.4347826086956
2013-02-01,102.6,100.2,101.2,54.37,154.64,,744.95,107.63743567252,94.94,,,770.5909090909091,855.6875,1024.6363636363635
2013-03-01,103.2,91.6,99.9,54.285,139.87,,876.1,102.5225,90.98,,,744.95,770.5909090909091,855.6875
2013-04-01,103.3,91.3,100.0,53.685,137.44,,874.0,98.85196969697,87.76,,,876.1,744.95,770.5909090909091
2013-05-01,102.3,90.2,98.9,56.58,124.66,,851.3809523809524,99.36663341489,87.71,,,874.0,876.1,744.95
2013-06-01,101.6,90.7,98.5,59.533,114.75,,940.5,99.74266666667,82.75431946201,,,851.3809523809524,874.0,876.1
2013-07-01,101.8,87.4,97.4,60.855,127.43,,1123.1304347826087,105.25790513834,77.25921082883,,,940.5,851.3809523809524,874.0
2013-08-01,101.4,83.6,96.9,65.705,137.05,,1088.095238095238,108.15763636364,76.96,,,1123.1304347826087,940.5,851.3809523809524
2013-09-01,102.8,82.5,97.7,62.59,134.19,,1680.5238095238096,108.75773015873,77.6125,,,1088.095238095238,1123.1304347826087,940.5
2013-10-01,102.5,86.7,98.3,61.624,132.57,,1883.1739130434785,105.42713438735,79.4125,,,1680.5238095238096,1088.095238095238,1123.1304347826087
2013-11-01,102.3,85.8,98.1,62.399,136.32,,1558.857142857143,102.62649122807,82.25,,,1883.1739130434785,1680.5238095238096,1088.095238095238
2013-12-01,102.9,94.1,98.5,61.8,135.79,,2178.058823529412,105.48165079365,84.3375,,,1558.857142857143,1883.1739130434785,1680.5238095238096
2014-01-01,103.9,94.6,99.5,62.68,122.63,,1472.409090909091,102.09666666667,81.61,,,2178.058823529412,1558.857142857143,1883.1739130434785
2014-02-01,104.4,93.0,100.5,61.79,121.37,,1139.85,104.82666666667,76.29,,,1472.409090909091,2178.058823529412,1558.857142857143
2014-03-01,105.0,90.0,101.3,60.005,111.83,,1484.142857142857,104.04,73.34,,,1139.85,1472.409090909091,2178.058823529412
2014-04-01,103.5,88.1,101.8,60.34,114.58,,1045.35,104.86666666667,72.82,,,1484.142857142857,1139.85,1472.409090909091
2014-05-01,104.0,88.9,102.9,59.18,100.89,,992.6666666666666,105.71333333333,73.69,,,1045.35,1484.142857142857,1139.85
2014-06-01,106.0,95.4,104.3,60.045,92.74,,911.5714285714286,108.37333333333,71.48,,,992.6666666666666,1045.35,1484.142857142857
2014-07-01,106.0,96.5,104.1,60.55,96.05,,795.5652173913044,105.22666666667,68.75,,,911.5714285714286,992.6666666666666,1045.35
2014-08-01,105.7,97.3,102.2,60.505,92.84,,937.1,100.05,68.94,,,795.5652173913044,911.5714285714286,992.6666666666666
2014-09-01,104.6,98.8,101.9,61.925,82.27,,1122.7272727272727,95.85,65.94,,,937.1,795.5652173913044,911.5714285714286
2014-10-01,104.5,97.9,102.2,61.39,80.08,,1100.9565217391305,86.08,63.71,,,1122.7272727272727,937.1,795.5652173913044
2014-11-01,103.3,97.5,100.6,62.195,73.13,,1332.15,76.99333333333,62.55,,,1100.9565217391305,1122.7272727272727,937.1
2014-12-01,102.2,95.0,99.0,63.03,68.92,,909.6111111111112,60.70333333333,62.44,,,1332.15,1100.9565217391305,1122.7272727272727
2015-01-01,101.6,93.2,98.5,62.01,67.2,,725.1904761904761,47.10666666667,61.44,,,909.6111111111112,1332.15,1100.9565217391305
2015-02-01,100.5,83.9,96.8,61.649,62.61,,542.4444444444445,54.79,69.05,,,725.1904761904761,909.6111111111112,1332.15
2015-03-01,99.5,79.5,95.0,62.281,56.94,,575.9545454545455,52.82666666667,64.76,,,542.4444444444445,725.1904761904761,909.6111111111112
2015-04-01,99.2,68.3,94.7,63.52,51.36,,591.35,57.54333333333,56.24,,,575.9545454545455,542.4444444444445,725.1904761904761
2015-05-01,98.3,65.0,92.7,63.733,60.39,,597.0,62.50666666667,61.19,,,591.35,575.9545454545455,542.4444444444445
2015-06-01,97.1,63.2,91.1,63.594,62.33,,699.0454545454545,61.30666666667,58.96,,,597.0,591.35,575.9545454545455
2015-07-01,94.9,56.9,89.0,63.978,51.51,,975.3478260869564,54.34,59.9,,,699.0454545454545,597.0,591.35
2015-08-01,91.6,54.2,86.5,66.402,55.28,,1065.55,45.69,59.14,,,975.3478260869564,699.0454545454545,597.0
2015-09-01,92.2,58.8,86.7,65.507,56.35,,888.6818181818181,46.28,57.65,,,1065.55,975.3478260869564,699.0454545454545
2015-10-01,91.6,50.1,85.3,65.413,52.9,,793.0,46.95666666667,54.26,,,888.6818181818181,1065.55,975.3478260869564
2015-11-01,89.2,50.6,83.5,66.452,46.1,193.904,582.2380952380952,43.11333333333,52.47,,,793.0,888.6818181818181,1065.55
2015-12-01,87.0,47.7,83.1,66.198,39.58,185.3547619047619,519.1666666666666,36.57333333333,52.21,193.904,,582.2380952380952,793.0,888.6818181818181
2016-01-01,86.7,53.8,83.2,67.868,41.17,186.0125,386.3,29.78,49.02,185.3547619047619,193.904,519.1666666666666,582.2380952380952,793.0
2016-02-01,87.4,46.3,83.0,68.198,46.33,177.38333333333335,306.9047619047619,31.03,50.27,186.0125,185.3547619047619,386.3,519.1666666666666,582.2380952380952
2016-03-01,89.2,48.7,84.9,66.25,55.52,206.24714285714285,383.3333333333333,37.34,52.21,177.38333333333335,186.0125,306.9047619047619,386.3,519.1666666666666
2016-04-01,89.9,47.5,86.0,66.415,59.58,262.23809523809524,607.4761904761905,40.75,50.69,206.24714285714285,177.38333333333335,383.3333333333333,306.9047619047619,386.3
2016-05-01,90.2,47.4,86.1,67.199,54.49,309.185,619.9,45.93666666667,51.31,262.23809523809524,206.24714285714285,607.4761904761905,383.3333333333333,306.9047619047619
2016-06-01,89.6,43.8,84.4,67.493,51.36,233.715,607.8636363636364,47.68666666667,52.85,309.185,262.23809523809524,619.9,607.4761904761905,383.3333333333333
2016-07-01,88.7,44.3,83.1,66.63,56.61,215.4828571428572,707.4285714285714,44.12666666667,61.24,233.715,309.185,607.8636363636364,619.9,607.4761904761905
2016-08-01,87.8,44.6,81.5,66.963,60.43,226.7809090909091,672.9090909090909,44.87666666667,67.39,215.4828571428572,233.715,707.4285714285714,607.8636363636364,619.9
2016-09-01,88.7,44.7,82.9,66.546,56.63,218.7142857142857,827.7727272727273,45.04333333333,72.72,226.7809090909091,215.4828571428572,672.9090909090909,707.4285714285714,607.8636363636364
2016-10-01,91.0,52.6,83.8,66.675,62.77,217.30380952380952,868.4761904761905,49.29333333333,94.2,218.7142857142857,226.7809090909091,827.7727272727273,672.9090909090909,707.4285714285714
2016-11-01,91.9,53.5,86.0,68.588,72.25,262.0804545454546,1071.8181818181818,45.26,103.43,217.30380952380952,218.7142857142857,868.4761904761905,827.7727272727273,672.9090909090909
2016-12-01,92.7,54.2,86.0,67.945,79.75,276.3625,1049.529411764706,52.62,88.15,262.0804545454546,217.30380952380952,1071.8181818181818,868.4761904761905,827.7727272727273
2017-01-01,93.7,57.6,86.8,67.49,80.4,288.0238095238095,907.1428571428572,53.59,83.73,276.3625,262.0804545454546,1049.529411764706,1071.8181818181818,868.4761904761905
2017-02-01,93.7,60.0,87.1,66.7,88.07,254.63,759.45,54.35333333333,79.98,288.0238095238095,276.3625,907.1428571428572,1049.529411764706,1071.8181818181818
2017-03-01,95.6,62.2,89.4,64.85,86.84,294.8517391304348,1141.391304347826,50.90333333333,80.9,254.63,288.0238095238095,759.45,907.1428571428572,1049.529411764706
2017-04-01,97.4,68.0,90.8,64.27,69.97,275.7005555555555,1221.8333333333333,52.16333333333,83.65,294.8517391304348,254.63,1141.391304347826,759.45,907.1428571428572
2017-05-01,96.9,67.3,90.3,64.505,60.71,275.7004761904762,973.1428571428572,49.89333333333,74.42,275.7005555555555,294.8517391304348,1221.8333333333333,1141.391304347826,759.45
2017-06-01,96.3,66.0,89.8,64.615,56.01,275.1445454545455,860.2272727272727,46.16666666667,81.09,275.7004761904762,275.7005555555555,973.1428571428572,1221.8333333333333,1141.391304347826
2017-07-01,97.0,63.7,91.6,64.17,66.22,303.95238095238096,906.047619047619,47.65666666667,87.49,275.1445454545455,275.7004761904762,860.2272727272727,973.1428571428572,1221.8333333333333
2017-08-01,98.5,63.9,92.0,63.93,75.11,345.29545454545456,1141.7727272727273,49.94333333333,98.58,303.95238095238096,275.1445454545455,906.047619047619,860.2272727272727,973.1428571428572
2017-09-01,100.9,73.1,92.5,65.305,69.77,348.2142857142857,1363.5238095238096,52.95,97.82,345.29545454545456,303.95238095238096,1141.7727272727273,906.047619047619,860.2272727272727
2017-10-01,100.7,73.3,91.7,64.74,60.31,307.70454545454544,1484.2272727272727,54.92,97.11,348.2142857142857,345.29545454545456,1363.5238095238096,1141.7727272727273,906.047619047619
2017-11-01,101.3,75.1,95.4,64.48,63.36,315.47727272727275,1453.8636363636365,59.93333333333,96.64,307.70454545454544,348.2142857142857,1484.2272727272727,1363.5238095238096,1141.7727272727273
2017-12-01,102.9,77.0,98.5,63.83,71.28,350.88105263157894,1618.6875,61.18666666667,100.81,315.47727272727275,307.70454545454544,1453.8636363636365,1484.2272727272727,1363.5238095238096
2018-01-01,106.3,88.4,102.9,63.54,75.86,368.9368181818182,1242.0,66.22666666667,106.45,350.88105263157894,315.47727272727275,1618.6875,1453.8636363636365,1484.2272727272727
2018-02-01,108.8,87.3,105.9,65.2,77.46,354.175,1124.6,63.46,105.95,368.9368181818182,350.88105263157894,1242.0,1618.6875,1453.8636363636365
2018-03-01,109.6,86.8,105.9,65.11,69.7,376.3333333333333,1154.2380952380952,64.16666666667,96.66,354.175,368.9368181818182,1124.6,1242.0,1618.6875
2018-04-01,110.4,90.2,108.0,66.45,65.27,351.0715,1128.9,68.79333333333,93.69,376.3333333333333,354.175,1154.2380952380952,1124.6,1242.0
2018-05-01,112.2,88.1,109.8,67.42,65.95,352.20476190476194,1293.095238095238,73.43,105.29,351.0715,376.3333333333333,1128.9,1154.2380952380952,1124.6
2018-06-01,112.9,88.7,110.8,68.45,64.8,346.7914285714286,1351.6190476190477,71.97666666667,114.33,352.20476190476194,351.0715,1293.095238095238,1128.9,1154.2380952380952
2018-07-01,112.1,92.0,110.0,68.45,64.35,344.4368181818182,1649.7727272727273,72.66666666667,119.57,346.7914285714286,352.20476190476194,1351.6190476190477,1293.095238095238,1128.9
2018-08-01,111.6,87.6,108.2,71.0,67.16,315.58863636363634,1710.409090909091,71.08333333333,117.34,344.4368181818182,346.7914285714286,1649.7727272727273,1351.6190476190477,1293.095238095238
2018-09-01,114.2,93.7,112.3,72.5,68.73,318.77,1447.35,75.36333333333,114.16,315.58863636363634,344.4368181818182,1710.409090909091,1649.7727272727273,1351.6190476190477
2018-10-01,114.8,96.8,111.5,73.95,72.81,327.61826086956523,1544.695652173913,76.72666666667,108.73,318.77,315.58863636363634,1447.35,1710.409090909091,1649.7727272727273
2018-11-01,114.0,95.3,112.3,69.64,72.28,333.78363636363633,1192.0,62.31666666667,100.73,327.61826086956523,318.77,1544.695652173913,1447.35,1710.409090909091
2018-12-01,112.3,91.7,110.3,69.56,69.2,301.14421052631576,1335.125,53.96,101.37,333.78363636363633,327.61826086956523,1192.0,1544.695652173913,1447.35
2019-01-01,110.1,84.8,109.5,70.95,76.03,283.9909090909091,1063.3181818181818,56.58333333333,98.56,301.14421052631576,333.78363636363633,1335.125,1192.0,1544.695652173913
2019-02-01,111.0,80.2,109.9,70.83,87.33,327.122,628.75,61.13333333333,95.42,283.9909090909091,301.14421052631576,1063.3181818181818,1335.125,1192.0
2019-03-01,111.1,91.7,110.1,69.18,85.7,323.2495238095238,680.4285714285714,63.78666666667,93.12,327.122,283.9909090909091,628.75,1063.3181818181818,1335.125
2019-04-01,110.5,91.0,110.1,69.636,93.24,312.7475,773.25,68.57666666667,86.77,323.2495238095238,327.122,680.4285714285714,628.75,1063.3181818181818
2019-05-01,109.6,89.2,109.4,69.57,98.76,297.8333333333333,1035.6666666666667,66.83333333333,82.32,312.7475,323.2495238095238,773.25,680.4285714285714,628.75
2019-06-01,108.7,93.7,108.4,68.94,109.18,294.2265,1174.4,59.76,72.49,297.8333333333333,312.7475,1035.6666666666667,773.25,680.4285714285714
2019-07-01,106.9,93.9,106.1,68.86,120.02,299.01478260869567,1869.7391304347825,61.47666666667,72.08,294.2265,297.8333333333333,1174.4,1035.6666666666667,773.25
2019-08-01,104.6,92.8,104.2,71.451,90.91,287.05285714285714,1981.857142857143,57.67,65.55,299.01478260869567,294.2265,1869.7391304347825,1174.4,1035.6666666666667
2019-09-01,104.4,85.1,103.4,70.64,92.91,246.00238095238095,2254.714285714286,60.04,65.95,287.05285714285714,299.01478260869567,1981.857142857143,1869.7391304347825,1174.4
2019-10-01,103.4,87.6,102.6,70.978,89.55,238.75478260869565,1825.8695652173917,57.27333333333,69.2,246.00238095238095,287.05285714285714,2254.714285714286,1981.857142857143,1869.7391304347825
2019-11-01,103.4,82.8,101.9,71.746,84.68,262.67571428571426,1419.2857142857142,60.40333333333,66.99,238.75478260869565,246.00238095238095,1825.8695652173917,2254.714285714286,1981.857142857143
2019-12-01,103.6,89.0,102.4,71.35,91.53,292.414,1380.7058823529412,63.35333333333,66.18,262.67571428571426,238.75478260869565,1419.2857142857142,1825.8695652173917,2254.714285714286
2020-01-01,106.5,88.8,104.9,71.54,92.44,293.7127272727273,701.0909090909091,61.62666666667,69.66,292.414,262.67571428571426,1380.7058823529412,1419.2857142857142,1825.8695652173917
2020-02-01,107.0,92.6,105.6,72.534,86.46,268.16700000000003,460.6,53.34666666667,67.64,293.7127272727273,292.414,701.0909090909091,1380.7058823529412,1419.2857142857142
2020-03-01,106.0,93.1,106.6,75.333,88.02,265.4613636363636,601.0909090909091,32.20333333333,66.74,268.16700000000003,293.7127272727273,460.6,701.0909090909091,1380.7058823529412
2020-04-01,107.0,89.5,106.2,75.077,83.84,244.0505,663.9,21.04333333333,58.55,265.4613636363636,268.16700000000003,601.0909090909091,460.6,701.0909090909091
2020-05-01,103.3,86.1,105.6,75.59,92.05,248.5421052631579,489.10526315789474,30.38,52.49,244.0505,265.4613636363636,663.9,601.0909090909091,460.6
2020-06-01,103.8,79.0,104.8,75.54,102.95,262.3781818181818,1146.4545454545455,39.45666666667,52.21,248.5421052631579,244.0505,489.10526315789474,663.9,601.0909090909091
2020-07-01,103.8,80.0,102.8,74.916,108.9,261.89260869565214,1632.8260869565215,42.06666666667,51.56,262.3781818181818,248.5421052631579,1146.4545454545455,489.10526315789474,663.9
2020-08-01,106.5,85.8,104.5,73.254,122.53,287.74,1522.0588235294117,43.44333333333,50.14,261.89260869565214,262.3781818181818,1632.8260869565215,1146.4545454545455,489.10526315789474
2020-09-01,108.2,94.9,106.3,73.56,123.98,300.1972727272727,1410.7727272727273,40.59666666667,54.6,287.74,261.89260869565214,1522.0588235294117,1632.8260869565215,1146.4545454545455
2020-10-01,108.9,95.8,108.0,74.554,120.19,287.90909090909093,1630.7727272727273,39.9,58.4,300.1972727272727,287.74,1410.7727272727273,1522.0588235294117,1632.8260869565215
2020-11-01,111.5,105.9,112.8,73.99,124.62,311.9214285714286,1183.65,42.30333333333,64.4,287.90909090909093,300.1972727272727,1630.7727272727273,1410.7727272727273,1522.0588235294117
2020-12-01,115.8,114.0,118.2,73.036,155.84,406.45714285714286,1243.6666666666667,48.72666666667,83.03,311.9214285714286,287.90909090909093,1183.65,1630.7727272727273,1410.7727272727273
2021-01-01,122.8,122.6,125.6,72.877,168.13,465.963,1657.5,53.60333333333,86.83,406.45714285714286,311.9214285714286,1243.6666666666667,1183.65,1630.7727272727273
2021-02-01,121.1,128.9,124.7,73.92,165.61,414.0275,1499.6,60.46333333333,86.74,465.963,406.45714285714286,1657.5,1243.6666666666667,1183.65
2021-03-01,124.0,141.6,124.6,73.137,166.9,445.49260869565217,2017.608695652174,63.83,94.92,414.0275,465.963,1499.6,1657.5,1243.6666666666667
2021-04-01,128.6,149.0,127.6,74.05,179.63,437.9955,2475.05,62.95,92.22,445.49260869565217,414.0275,2017.608695652174,1499.6,1657.5
2021-05-01,133.5,165.2,130.9,72.511,205.73,501.0957894736842,2965.2631578947367,66.4,107.04,437.9955,445.49260869565217,2475.05,2017.608695652174,1499.6
2021-06-01,134.0,182.1,131.7,74.36,214.55,504.07045454545454,2932.0,71.80333333333,129.97,501.0957894736842,437.9955,2965.2631578947367,2475.05,2017.608695652174
2021-07-01,134.0,184.4,131.4,74.337,211.99,497.1518181818182,3187.954545454545,73.28333333333,151.97,504.07045454545454,501.0957894736842,2932.0,2965.2631578947367,2475.05
2021-08-01,135.9,182.1,132.9,72.947,159.25,461.67761904761903,3720.0,68.86666666667,169.58,497.1518181818182,504.07045454545454,3187.954545454545,2932.0,2965.2631578947367
2021-09-01,137.8,165.6,133.5,74.164,119.65,444.6990909090909,4287.772727272727,72.8,185.69,461.67761904761903,497.1518181818182,3720.0,3187.954545454545,2932.0
2021-10-01,143.9,153.9,140.8,74.915,121.23,473.8790476190476,4819.952380952381,82.06333333333,224.51,444.6990909090909,461.67761904761903,4287.772727272727,3720.0,3187.954545454545
2021-11-01,143.6,150.7,140.4,75.09,94.97,491.7622727272728,2780.454545454545,79.91666666667,157.48,473.8790476190476,444.6990909090909,4819.952380952381,4287.772727272727,3720.0
2021-12-01,141.9,139.3,139.0,74.467,112.5,465.2914285714286,2832.1111111111118,72.86666666667,169.65,491.7622727272728,473.8790476190476,2780.454545454545,4819.952380952381,4287.772727272727
2022-01-01,143.1,130.7,139.9,74.529,131.15,467.955,1760.8,83.92,196.95,465.2914285714286,491.7622727272728,2832.1111111111118,2780.454545454545,4819.952380952381
2022-02-01,147.1,132.0,144.8,75.493,141.99,504.819,1834.9,93.54333333333,219.78,467.955,465.2914285714286,1760.8,2832.1111111111118,2780.454545454545
2022-03-01,157.5,139.1,155.9,75.901,150.84,641.9078260869564,2464.086956521739,112.39666666667,314.04,504.819,467.955,1834.9,1760.8,2832.1111111111118
2022-04-01,161.2,140.5,159.1,76.52,150.77,631.1915789473684,2220.368421052632,103.41333333333,310.85,641.9078260869564,504.819,2464.086956521739,1834.9,1760.8
2022-05-01,158.2,147.0,156.7,77.569,133.51,494.12714285714287,2943.0476190476197,110.09666666667,371.86,631.1915789473684,641.9078260869564,2220.368421052632,2464.086956521739,1834.9
2022-06-01,150.0,130.2,151.6,78.95,130.0,392.097,2389.45,116.8,374.08,494.12714285714287,631.1915789473684,2943.0476190476197,2220.368421052632,2464.086956521739
2022-07-01,149.4,112.4,149.9,79.336,107.22,392.6595238095238,2076.9523809523807,105.08333333333,402.2,392.097,494.12714285714287,2389.45,2943.0476190476197,2220.368421052632
2022-08-01,148.9,107.5,149.4,79.491,104.76,384.6454545454546,1411.9545454545455,95.97333333333,406.97,392.6595238095238,392.097,2076.9523809523807,2389.45,2943.0476190476197
2022-09-01,146.6,106.1,146.8,81.509,98.31,362.9595238095238,1487.142857142857,88.22,430.81,384.6454545454546,392.6595238095238,1411.9545454545455,2076.9523809523807,2389.45
2022-10-01,145.6,101.0,147.9,82.77,92.43,365.1595238095238,1813.857142857143,90.32666666667,389.79,362.9595238095238,384.6454545454546,1487.142857142857,1411.9545454545455,2076.9523809523807
2022-11-01,143.2,97.4,144.9,81.359,93.25,344.8209090909091,1298.9545454545455,87.37666666667,342.16,365.1595238095238,362.9595238095238,1813.857142857143,1487.142857142857,1411.9545454545455
2022-12-01,143.2,97.9,145.5,82.717,111.28,386.3205,1453.4117647058824,78.06666666667,379.23,344.8209090909091,365.1595238095238,1298.9545454545455,1813.857142857143,1487.142857142857
2023-01-01,145.5,107.0,148.3,81.739,123.37,414.4761904761905,908.809523809524,80.41,317.99,386.3205,344.8209090909091,1453.4117647058824,1298.9545454545455,1813.857142857143
2023-02-01,146.9,115.1,148.4,82.64,125.75,426.519,658.35,80.25333333333,207.48,414.4761904761905,386.3205,908.809523809524,1453.4117647058824,1298.9545454545455
2023-03-01,146.2,120.1,147.6,82.16,127.06,457.0217391304348,1410.0434782608695,76.47333333333,187.23,426.519,414.4761904761905,658.35,908.809523809524,1453.4117647058824
2023-04-01,145.3,123.0,145.7,81.72,116.14,428.8772222222222,1480.3333333333333,82.46,194.28,457.0217391304348,426.519,1410.0434782608695,658.35,908.809523809524
2023-05-01,143.6,121.8,144.4,82.68,105.07,379.219,1416.05,74.12333333333,160.48,428.8772222222222,457.0217391304348,1480.3333333333333,1410.0434782608695,658.35
2023-06-01,141.6,116.3,141.7,82.091,112.57,384.9772727272728,1081.7727272727273,73.26333333333,139.42,379.219,428.8772222222222,1416.05,1480.3333333333333,1410.0434782608695
2023-07-01,139.9,112.5,139.5,82.24,112.46,368.7857142857143,1040.190476190476,78.98333333333,140.63,384.9772727272728,379.219,1081.7727272727273,1416.05,1480.3333333333333
2023-08-01,140.6,108.8,140.8,82.702,109.4,361.77272727272725,1149.8636363636365,84.72433333333,152.61,368.7857142857143,384.9772727272728,1040.190476190476,1081.7727272727273,1416.05
2023-09-01,143.0,106.9,143.8,83.03,120.79,375.3095238095238,1393.428571428571,92.22,162.47,361.77272727272725,368.7857142857143,1149.8636363636365,1040.190476190476,1081.7727272727273
2023-10-01,142.2,112.0,143.5,83.256,118.91,365.6590909090909,1867.6818181818185,89.08366666667,142.12,375.3095238095238,361.77272727272725,1393.428571428571,1149.8636363636365,1040.190476190476
2023-11-01,140.2,113.7,141.2,83.357,130.46,382.70454545454544,1831.4545454545453,81.35433333333,126.82,365.6590909090909,375.3095238095238,1867.6818181818185,1393.428571428571,1149.8636363636365
2023-12-01,139.6,118.5,139.7,83.19,136.37,422.2894736842105,2537.625,75.71933333333,141.82,382.70454545454544,365.6590909090909,1831.4545454545453,1867.6818181818185,1393.428571428571
2024-01-01,138.8,124.5,138.3,83.095,135.13,417.95454545454544,1617.1363636363635,77.67233333333,124.9,422.2894736842105,382.70454545454544,2537.625,1831.4545454545453,1867.6818181818185
2024-02-01,138.5,129.9,138.3,82.9,124.86,415.1428571428572,1650.428571428571,80.548,124.22,417.95454545454544,422.2894736842105,1617.1363636363635,2537.625,1831.4545454545453
2024-03-01,138.7,135.9,138.9,83.35,109.53,380.625,2232.9,83.54566666667,131.49,415.1428571428572,417.95454545454544,1650.428571428571,1617.1363636363635,2537.625
2024-04-01,141.4,132.5,142.3,83.45,110.91,385.8809523809524,1731.3333333333333,88.01133333333,134.97,380.625,415.1428571428572,2232.9,1650.428571428571,1617.1363636363635
2024-05-01,144.7,137.0,144.5,83.424,117.52,381.4,1894.809523809524,81.445,142.01,385.8809523809524,380.625,1731.3333333333333,2232.9,1650.428571428571
2024-06-01,143.3,144.2,143.6,83.355,106.51,382.15,1922.0,81.205,135.1,381.4,385.8809523809524,1894.809523809524,1731.3333333333333,2232.9
2024-07-01,140.8,134.6,139.7,83.699,105.94,388.2608695652174,1925.304347826087,83.25866666667,137.55,382.15,381.4,1922.0,1894.809523809524,1731.3333333333333
2024-08-01,138.3,129.2,138.6,83.867,98.7,374.6904761904762,1716.2380952380952,78.121,145.76,388.2608695652174,382.15,1925.304347826087,1922.0,1894.809523809524
2024-09-01,137.7,123.2,138.9,83.755,93.83,369.54761904761904,1964.809523809524,72.42433333333,139.2,374.6904761904762,388.2608695652174,1716.2380952380952,1925.304347826087,1922.0
2024-10-01,139.3,137.4,140.0,84.061,103.78,380.8882608695652,1666.6521739130435,73.97066666667,146.63,369.54761904761904,374.6904761904762,1964.809523809524,1716.2380952380952,1925.304347826087
2024-11-01,138.6,143.3,140.2,84.559,102.44,362.1190476190476,1539.6666666666667,72.29166666667,142.12,380.8882608695652,369.54761904761904,1666.6521739130435,1964.809523809524,1716.2380952380952
2024-12-01,137.5,142.7,139.5,85.554,103.61,342.9445,1099.235294117647,72.311,129.81,362.1190476190476,380.8882608695652,1539.6666666666667,1666.6521739130435,1964.809523809524
2025-01-01,137.2,137.9,138.5,86.561,101.59,344.04545454545456,1037.8,78.162,118.6,342.9445,362.1190476190476,1099.235294117647,1539.6666666666667,1666.6521739130435
2025-02-01,137.9,134.5,138.7,87.471,106.9,358.425,,73.819,106.93,344.04545454545456,342.9445,1037.8,1099.235294117647,1539.6666666666667
2025-03-01,139.5,134.2,140.0,85.46,102.51,372.2619047619048,,70.70133333333,103.97,358.425,344.04545454545456,,1037.8,1099.235294117647
2025-04-01,140.1,134.0,140.8,84.599,99.76,360.225,,65.905,98.61,372.2619047619048,358.425,,,1037.8
2025-05-01,140.2,141.6,138.7,85.525,99.12,340.4,,62.74866666667,104.41,360.225,372.2619047619048,,,
2025-06-01,138.6,140.1,137.2,85.7,94.47,339.95238095238096,,69.14666666667,109.03,340.4,360.225,,,
2025-07-01,137.2,133.2,135.3,87.524,99.12,346.0869565217391,,69.19033333333,112.9,339.95238095238096,340.4,,,
2025-08-01,137.6,138.5,135.2,88.174,101.81,348.025,,66.71766666667,112.15,346.0869565217391,339.95238095238096,,,
2025-09-01,137.7,137.0,135.6,88.841,105.29,340.34090909090907,,66.457,106.32,348.025,346.0869565217391,,,
2025-10-01,137.1,132.5,133.8,88.769,105.83,349.0238095238095,,63.04033333333,107.5,340.34090909090907,348.025,,,
2025-11-01,136.9,130.6,133.3,89.357,104.84,,,62.33633333333,112.6,349.0238095238095,340.34090909090907,,,
2025-12-01,137.6,128.8,133.2,89.871,107.13,,,60.88,107.67,,349.0238095238095,,,
2026-01-01,141.6,128.7,137.6,91.694,105.62,,,63.652,109.78,,,,,
2026-02-01,143.9,128.7,141.0,91.076,99.03,,,68.01466666667,118.37,,,,,
2026-03-01,145.1,128.9,141.8,93.485,106.38,,,95.57633333333,138.6,,,,,
